{
  "neuralPatterns": {
    "form_structures": [
      [
        0.0007209408758954705,
        0.17397821209029796,
        -0.20007084289892862,
        0.16038305000816044,
        -0.24577219559462993,
        0.20261253219645337,
        -0.013379477734985601,
        0.246451877221463,
        0.08884258066623141,
        -0.159300894212706
      ],
      [
        -0.09391052720599646,
        0.21640411376425783,
        -0.21137591011878498,
        0.10640265313859631,
        -0.18104895787724462,
        0.22192170579373194,
        0.15610808815038502,
        -0.1819325022702296,
        0.14602638221489472,
        0.19774788924134268
      ],
      [
        0.03382711081673373,
        0.006280599010951682,
        0.12084446468511645,
        0.027278882246742353,
        -0.16063141126365044,
        -0.05641575083797512,
        0.08204918468140576,
        0.057486672989058185,
        0.09232596125548209,
        0.19744282011798842
      ]
    ],
    "navigation_flows": [
      [
        0.03290089435425314,
        -0.040814426855173336,
        0.1723596537465485,
        0.004676413083368525,
        0.04365901928497595,
        -0.021963692969006132,
        0.17421193319879957,
        0.20029939978718725,
        -0.11879554470687037,
        -0.1336183775651294
      ],
      [
        0.10672317774078277,
        -0.042161112800692124,
        -0.12311013875804,
        0.22644918259117508,
        -0.08948070528880359,
        0.06355434687140804,
        0.23061156382700676,
        -0.14810476389244187,
        0.21126723031225558,
        -0.0034333933945633888
      ],
      [
        -0.16204477867090394,
        0.21524654259104625,
        0.04039337289821188,
        0.2444697934421487,
        -0.003350371540600472,
        0.0938500881735781,
        0.1020492600459082,
        0.24238061722610138,
        -0.09545367792626847,
        0.11554253289227878
      ]
    ],
    "content_patterns": [
      [
        -0.08556800992652092,
        -0.21173669719225707,
        0.14912513177598763,
        -0.20851357026479822,
        0.13897193182553746,
        -0.008896371019177174,
        -0.007520511643971717,
        0.12384603737071864,
        0.217930923414539,
        0.12147205667647643
      ],
      [
        -0.06812536419992421,
        -0.04357436051955932,
        -0.07060405996900843,
        0.0549143362922766,
        0.0741663803903041,
        -0.0730765230389796,
        0.0159794369852736,
        0.07106676484678942,
        -0.21532778499005034,
        0.2160381887211107
      ],
      [
        0.2004150808213062,
        0.22908800777373006,
        0.06616846896130635,
        -0.245147267625767,
        -0.1499068400263357,
        0.10315361748866592,
        -0.13756670092744894,
        -0.14917792406150587,
        -0.009850058476544965,
        0.19941739352378962
      ]
    ],
    "behavioral_signals": [
      [
        -0.2048413826801504,
        -0.008845054476905312,
        -0.11086003963031565,
        0.04805586600483758,
        0.15548110386297787,
        0.02742116736403022,
        -0.07524406329991506,
        0.05532820781823744,
        -0.1577723077330555,
        0.01143069348646919
      ],
      [
        0.10756660204869495,
        0.2387183180413449,
        -0.08890687690167731,
        -0.13896646709081495,
        0.10815667308983012,
        -0.19830801575316936,
        -0.2031983371740721,
        0.04923945341637326,
        0.21714528695011137,
        0.2298378058960291
      ],
      [
        0.006961798543292486,
        -0.16493878567400455,
        0.05547477036657211,
        -0.1597882747060304,
        0.11631584396907046,
        -0.08063997257348521,
        -0.008012021224018229,
        -0.2150214173060392,
        0.15603874016331465,
        -0.015825947301666643
      ]
    ]
  },
  "reinforcement": {
    "high_success": {},
    "medium_success": {},
    "low_success": {},
    "error_prone": {},
    "unstable": {}
  },
  "memory": {
    "iteration_8": {
      "timestamp": 1750705685821,
      "performance": {
        "successRate": 1,
        "avgAnalysisTime": 3635.4,
        "speedImprovement": 1,
        "totalTime": 12000
      },
      "patterns": [
        {
          "type": "simple_success_pattern",
          "features": {
            "platform": "complex_platform",
            "complexity": 3,
            "success": 1,
            "analysisTime": 2000,
            "patternCount": 0,
            "opportunityCount": 0
          },
          "confidence": 0.8,
          "occurrences": 6
        },
        {
          "type": "fast_analysis_pattern",
          "features": {
            "platform": "complex_platform",
            "complexity": 3,
            "success": 1,
            "analysisTime": 2000,
            "patternCount": 0,
            "opportunityCount": 0
          },
          "confidence": 0.75,
          "occurrences": 6
        }
      ],
      "insights": [
        {
          "type": "reinforcement_learning",
          "currentState": "high_success",
          "reward": 0.76,
          "recommendedActions": [
            "explore_new_patterns",
            "change_strategy"
          ],
          "confidence": 0.85
        }
      ]
    },
    "iteration_9": {
      "timestamp": 1750705721634,
      "performance": {
        "successRate": 1,
        "avgAnalysisTime": 3581.2,
        "speedImprovement": 1,
        "totalTime": 12000
      },
      "patterns": [
        {
          "type": "simple_success_pattern",
          "features": {
            "platform": "enterprise_survey",
            "complexity": 3,
            "success": 1,
            "analysisTime": 2000,
            "patternCount": 0,
            "opportunityCount": 0
          },
          "confidence": 0.8,
          "occurrences": 6
        },
        {
          "type": "fast_analysis_pattern",
          "features": {
            "platform": "enterprise_survey",
            "complexity": 3,
            "success": 1,
            "analysisTime": 2000,
            "patternCount": 0,
            "opportunityCount": 0
          },
          "confidence": 0.75,
          "occurrences": 6
        }
      ],
      "insights": [
        {
          "type": "reinforcement_learning",
          "currentState": "high_success",
          "reward": 0.76,
          "recommendedActions": [
            "explore_new_patterns",
            "change_strategy"
          ],
          "confidence": 0.85
        }
      ]
    },
    "iteration_10": {
      "timestamp": 1750705757431,
      "performance": {
        "successRate": 1,
        "avgAnalysisTime": 3579.7,
        "speedImprovement": 1,
        "totalTime": 12000
      },
      "patterns": [
        {
          "type": "simple_success_pattern",
          "features": {
            "platform": "enterprise_survey",
            "complexity": 3,
            "success": 1,
            "analysisTime": 2000,
            "patternCount": 0,
            "opportunityCount": 0
          },
          "confidence": 0.8,
          "occurrences": 6
        },
        {
          "type": "fast_analysis_pattern",
          "features": {
            "platform": "enterprise_survey",
            "complexity": 3,
            "success": 1,
            "analysisTime": 2000,
            "patternCount": 0,
            "opportunityCount": 0
          },
          "confidence": 0.75,
          "occurrences": 6
        }
      ],
      "insights": [
        {
          "type": "reinforcement_learning",
          "currentState": "high_success",
          "reward": 0.76,
          "recommendedActions": [
            "explore_new_patterns",
            "change_strategy"
          ],
          "confidence": 0.85
        }
      ]
    }
  },
  "autonomous": [
    {
      "timestamp": 1750705685822,
      "strategy": "concurrency_scaling",
      "trigger": {
        "successRate": 1,
        "avgAnalysisTime": 3635.4,